--
-- PostgreSQL database dump
--

-- Dumped from database version 14.8 (Ubuntu 14.8-0ubuntu0.22.04.1)
-- Dumped by pg_dump version 14.8 (Ubuntu 14.8-0ubuntu0.22.04.1)

SET statement_timeout = 0;
SET lock_timeout = 0;
SET idle_in_transaction_session_timeout = 0;
SET client_encoding = 'UTF8';
SET standard_conforming_strings = on;
SELECT pg_catalog.set_config('search_path', '', false);
SET check_function_bodies = false;
SET xmloption = content;
SET client_min_messages = warning;
SET row_security = off;

SET default_tablespace = '';

SET default_table_access_method = heap;

--
-- Name: accounts_user; Type: TABLE; Schema: public; Owner: postgres
--

CREATE TABLE public.accounts_user (
    id bigint NOT NULL,
    password character varying(128) NOT NULL,
    last_login timestamp with time zone,
    is_superuser boolean NOT NULL,
    username character varying(150) NOT NULL,
    first_name character varying(150) NOT NULL,
    last_name character varying(150) NOT NULL,
    email character varying(254) NOT NULL,
    is_staff boolean NOT NULL,
    is_active boolean NOT NULL,
    date_joined timestamp with time zone NOT NULL
);


ALTER TABLE public.accounts_user OWNER TO postgres;

--
-- Name: accounts_user_groups; Type: TABLE; Schema: public; Owner: postgres
--

CREATE TABLE public.accounts_user_groups (
    id bigint NOT NULL,
    user_id bigint NOT NULL,
    group_id integer NOT NULL
);


ALTER TABLE public.accounts_user_groups OWNER TO postgres;

--
-- Name: accounts_user_groups_id_seq; Type: SEQUENCE; Schema: public; Owner: postgres
--

ALTER TABLE public.accounts_user_groups ALTER COLUMN id ADD GENERATED BY DEFAULT AS IDENTITY (
    SEQUENCE NAME public.accounts_user_groups_id_seq
    START WITH 1
    INCREMENT BY 1
    NO MINVALUE
    NO MAXVALUE
    CACHE 1
);


--
-- Name: accounts_user_id_seq; Type: SEQUENCE; Schema: public; Owner: postgres
--

ALTER TABLE public.accounts_user ALTER COLUMN id ADD GENERATED BY DEFAULT AS IDENTITY (
    SEQUENCE NAME public.accounts_user_id_seq
    START WITH 1
    INCREMENT BY 1
    NO MINVALUE
    NO MAXVALUE
    CACHE 1
);


--
-- Name: accounts_user_user_permissions; Type: TABLE; Schema: public; Owner: postgres
--

CREATE TABLE public.accounts_user_user_permissions (
    id bigint NOT NULL,
    user_id bigint NOT NULL,
    permission_id integer NOT NULL
);


ALTER TABLE public.accounts_user_user_permissions OWNER TO postgres;

--
-- Name: accounts_user_user_permissions_id_seq; Type: SEQUENCE; Schema: public; Owner: postgres
--

ALTER TABLE public.accounts_user_user_permissions ALTER COLUMN id ADD GENERATED BY DEFAULT AS IDENTITY (
    SEQUENCE NAME public.accounts_user_user_permissions_id_seq
    START WITH 1
    INCREMENT BY 1
    NO MINVALUE
    NO MAXVALUE
    CACHE 1
);


--
-- Name: accounts_userfollows; Type: TABLE; Schema: public; Owner: postgres
--

CREATE TABLE public.accounts_userfollows (
    id bigint NOT NULL,
    followed_user_id bigint NOT NULL,
    user_id bigint NOT NULL
);


ALTER TABLE public.accounts_userfollows OWNER TO postgres;

--
-- Name: accounts_userfollows_id_seq; Type: SEQUENCE; Schema: public; Owner: postgres
--

ALTER TABLE public.accounts_userfollows ALTER COLUMN id ADD GENERATED BY DEFAULT AS IDENTITY (
    SEQUENCE NAME public.accounts_userfollows_id_seq
    START WITH 1
    INCREMENT BY 1
    NO MINVALUE
    NO MAXVALUE
    CACHE 1
);


--
-- Name: auth_group; Type: TABLE; Schema: public; Owner: postgres
--

CREATE TABLE public.auth_group (
    id integer NOT NULL,
    name character varying(150) NOT NULL
);


ALTER TABLE public.auth_group OWNER TO postgres;

--
-- Name: auth_group_id_seq; Type: SEQUENCE; Schema: public; Owner: postgres
--

ALTER TABLE public.auth_group ALTER COLUMN id ADD GENERATED BY DEFAULT AS IDENTITY (
    SEQUENCE NAME public.auth_group_id_seq
    START WITH 1
    INCREMENT BY 1
    NO MINVALUE
    NO MAXVALUE
    CACHE 1
);


--
-- Name: auth_group_permissions; Type: TABLE; Schema: public; Owner: postgres
--

CREATE TABLE public.auth_group_permissions (
    id bigint NOT NULL,
    group_id integer NOT NULL,
    permission_id integer NOT NULL
);


ALTER TABLE public.auth_group_permissions OWNER TO postgres;

--
-- Name: auth_group_permissions_id_seq; Type: SEQUENCE; Schema: public; Owner: postgres
--

ALTER TABLE public.auth_group_permissions ALTER COLUMN id ADD GENERATED BY DEFAULT AS IDENTITY (
    SEQUENCE NAME public.auth_group_permissions_id_seq
    START WITH 1
    INCREMENT BY 1
    NO MINVALUE
    NO MAXVALUE
    CACHE 1
);


--
-- Name: auth_permission; Type: TABLE; Schema: public; Owner: postgres
--

CREATE TABLE public.auth_permission (
    id integer NOT NULL,
    name character varying(255) NOT NULL,
    content_type_id integer NOT NULL,
    codename character varying(100) NOT NULL
);


ALTER TABLE public.auth_permission OWNER TO postgres;

--
-- Name: auth_permission_id_seq; Type: SEQUENCE; Schema: public; Owner: postgres
--

ALTER TABLE public.auth_permission ALTER COLUMN id ADD GENERATED BY DEFAULT AS IDENTITY (
    SEQUENCE NAME public.auth_permission_id_seq
    START WITH 1
    INCREMENT BY 1
    NO MINVALUE
    NO MAXVALUE
    CACHE 1
);


--
-- Name: django_admin_log; Type: TABLE; Schema: public; Owner: postgres
--

CREATE TABLE public.django_admin_log (
    id integer NOT NULL,
    action_time timestamp with time zone NOT NULL,
    object_id text,
    object_repr character varying(200) NOT NULL,
    action_flag smallint NOT NULL,
    change_message text NOT NULL,
    content_type_id integer,
    user_id bigint NOT NULL,
    CONSTRAINT django_admin_log_action_flag_check CHECK ((action_flag >= 0))
);


ALTER TABLE public.django_admin_log OWNER TO postgres;

--
-- Name: django_admin_log_id_seq; Type: SEQUENCE; Schema: public; Owner: postgres
--

ALTER TABLE public.django_admin_log ALTER COLUMN id ADD GENERATED BY DEFAULT AS IDENTITY (
    SEQUENCE NAME public.django_admin_log_id_seq
    START WITH 1
    INCREMENT BY 1
    NO MINVALUE
    NO MAXVALUE
    CACHE 1
);


--
-- Name: django_content_type; Type: TABLE; Schema: public; Owner: postgres
--

CREATE TABLE public.django_content_type (
    id integer NOT NULL,
    app_label character varying(100) NOT NULL,
    model character varying(100) NOT NULL
);


ALTER TABLE public.django_content_type OWNER TO postgres;

--
-- Name: django_content_type_id_seq; Type: SEQUENCE; Schema: public; Owner: postgres
--

ALTER TABLE public.django_content_type ALTER COLUMN id ADD GENERATED BY DEFAULT AS IDENTITY (
    SEQUENCE NAME public.django_content_type_id_seq
    START WITH 1
    INCREMENT BY 1
    NO MINVALUE
    NO MAXVALUE
    CACHE 1
);


--
-- Name: django_migrations; Type: TABLE; Schema: public; Owner: postgres
--

CREATE TABLE public.django_migrations (
    id bigint NOT NULL,
    app character varying(255) NOT NULL,
    name character varying(255) NOT NULL,
    applied timestamp with time zone NOT NULL
);


ALTER TABLE public.django_migrations OWNER TO postgres;

--
-- Name: django_migrations_id_seq; Type: SEQUENCE; Schema: public; Owner: postgres
--

ALTER TABLE public.django_migrations ALTER COLUMN id ADD GENERATED BY DEFAULT AS IDENTITY (
    SEQUENCE NAME public.django_migrations_id_seq
    START WITH 1
    INCREMENT BY 1
    NO MINVALUE
    NO MAXVALUE
    CACHE 1
);


--
-- Name: django_session; Type: TABLE; Schema: public; Owner: postgres
--

CREATE TABLE public.django_session (
    session_key character varying(40) NOT NULL,
    session_data text NOT NULL,
    expire_date timestamp with time zone NOT NULL
);


ALTER TABLE public.django_session OWNER TO postgres;

--
-- Name: review_review; Type: TABLE; Schema: public; Owner: postgres
--

CREATE TABLE public.review_review (
    id bigint NOT NULL,
    rating smallint NOT NULL,
    headline character varying(128) NOT NULL,
    body text,
    time_created timestamp with time zone NOT NULL,
    ticket_id bigint NOT NULL,
    user_id bigint NOT NULL,
    CONSTRAINT review_review_rating_check CHECK ((rating >= 0))
);


ALTER TABLE public.review_review OWNER TO postgres;

--
-- Name: review_review_id_seq; Type: SEQUENCE; Schema: public; Owner: postgres
--

ALTER TABLE public.review_review ALTER COLUMN id ADD GENERATED BY DEFAULT AS IDENTITY (
    SEQUENCE NAME public.review_review_id_seq
    START WITH 1
    INCREMENT BY 1
    NO MINVALUE
    NO MAXVALUE
    CACHE 1
);


--
-- Name: review_ticket; Type: TABLE; Schema: public; Owner: postgres
--

CREATE TABLE public.review_ticket (
    id bigint NOT NULL,
    title character varying(128) NOT NULL,
    description text,
    image character varying(100),
    time_created timestamp with time zone NOT NULL,
    user_id bigint NOT NULL
);


ALTER TABLE public.review_ticket OWNER TO postgres;

--
-- Name: review_ticket_id_seq; Type: SEQUENCE; Schema: public; Owner: postgres
--

ALTER TABLE public.review_ticket ALTER COLUMN id ADD GENERATED BY DEFAULT AS IDENTITY (
    SEQUENCE NAME public.review_ticket_id_seq
    START WITH 1
    INCREMENT BY 1
    NO MINVALUE
    NO MAXVALUE
    CACHE 1
);


--
-- Data for Name: accounts_user; Type: TABLE DATA; Schema: public; Owner: postgres
--

COPY public.accounts_user (id, password, last_login, is_superuser, username, first_name, last_name, email, is_staff, is_active, date_joined) FROM stdin;
2	pbkdf2_sha256$600000$aRHigR8yHaoYk3wJWuEe7j$xeg/I7XRiny2UYYLDrbjDMC3LVJ6AzyYhrQskJnCUOk=	2023-08-15 13:12:45.693133+00	f	ThePing				f	t	2023-08-15 13:07:04.180294+00
3	pbkdf2_sha256$600000$6wUNPxOpkDeDsqQc08tVga$+FHpqTmUPGbQ57VKch4YoZ80n1T82/1jgAVUdtXmMso=	2023-08-15 13:17:53.047468+00	f	HeyMan				f	t	2023-08-15 13:16:03.464221+00
5	pbkdf2_sha256$600000$ECPRCHB5Jos2fAXaWb00hT$h2UOr1KPY4jcnA8o/bjGo+sNbd/I9BAPp21i5yUFSbk=	2023-08-15 13:22:20.768447+00	f	UlliDo				f	t	2023-08-15 13:22:20.343121+00
4	pbkdf2_sha256$600000$cky9fn8dnBRrXC5qQzHmV5$c0NuAjSLCQkQPq3/g6lErdZHBZoFo+TWpvX23rkSh4Y=	2023-08-15 13:23:56.319757+00	f	CatWoman				f	t	2023-08-15 13:19:14.99705+00
1	pbkdf2_sha256$600000$9sMGYYTQ3rbVDkCJZsNKFU$/i938yja5hoOwTGA/FH/xRZl0JRPR0pYjhh6w2qC3Ik=	2023-08-15 13:40:32.131972+00	f	DoriDoro				f	t	2023-08-15 12:33:21.17667+00
\.


--
-- Data for Name: accounts_user_groups; Type: TABLE DATA; Schema: public; Owner: postgres
--

COPY public.accounts_user_groups (id, user_id, group_id) FROM stdin;
\.


--
-- Data for Name: accounts_user_user_permissions; Type: TABLE DATA; Schema: public; Owner: postgres
--

COPY public.accounts_user_user_permissions (id, user_id, permission_id) FROM stdin;
\.


--
-- Data for Name: accounts_userfollows; Type: TABLE DATA; Schema: public; Owner: postgres
--

COPY public.accounts_userfollows (id, followed_user_id, user_id) FROM stdin;
1	1	2
2	2	3
3	1	3
4	3	4
5	2	4
6	1	5
7	2	5
8	4	5
\.


--
-- Data for Name: auth_group; Type: TABLE DATA; Schema: public; Owner: postgres
--

COPY public.auth_group (id, name) FROM stdin;
\.


--
-- Data for Name: auth_group_permissions; Type: TABLE DATA; Schema: public; Owner: postgres
--

COPY public.auth_group_permissions (id, group_id, permission_id) FROM stdin;
\.


--
-- Data for Name: auth_permission; Type: TABLE DATA; Schema: public; Owner: postgres
--

COPY public.auth_permission (id, name, content_type_id, codename) FROM stdin;
1	Can add permission	1	add_permission
2	Can change permission	1	change_permission
3	Can delete permission	1	delete_permission
4	Can view permission	1	view_permission
5	Can add group	2	add_group
6	Can change group	2	change_group
7	Can delete group	2	delete_group
8	Can view group	2	view_group
9	Can add content type	3	add_contenttype
10	Can change content type	3	change_contenttype
11	Can delete content type	3	delete_contenttype
12	Can view content type	3	view_contenttype
13	Can add session	4	add_session
14	Can change session	4	change_session
15	Can delete session	4	delete_session
16	Can view session	4	view_session
17	Can add user	5	add_user
18	Can change user	5	change_user
19	Can delete user	5	delete_user
20	Can view user	5	view_user
21	Can add user follows	6	add_userfollows
22	Can change user follows	6	change_userfollows
23	Can delete user follows	6	delete_userfollows
24	Can view user follows	6	view_userfollows
25	Can add ticket	7	add_ticket
26	Can change ticket	7	change_ticket
27	Can delete ticket	7	delete_ticket
28	Can view ticket	7	view_ticket
29	Can add review	8	add_review
30	Can change review	8	change_review
31	Can delete review	8	delete_review
32	Can view review	8	view_review
33	Can add log entry	9	add_logentry
34	Can change log entry	9	change_logentry
35	Can delete log entry	9	delete_logentry
36	Can view log entry	9	view_logentry
\.


--
-- Data for Name: django_admin_log; Type: TABLE DATA; Schema: public; Owner: postgres
--

COPY public.django_admin_log (id, action_time, object_id, object_repr, action_flag, change_message, content_type_id, user_id) FROM stdin;
\.


--
-- Data for Name: django_content_type; Type: TABLE DATA; Schema: public; Owner: postgres
--

COPY public.django_content_type (id, app_label, model) FROM stdin;
1	auth	permission
2	auth	group
3	contenttypes	contenttype
4	sessions	session
5	accounts	user
6	accounts	userfollows
7	review	ticket
8	review	review
9	admin	logentry
\.


--
-- Data for Name: django_migrations; Type: TABLE DATA; Schema: public; Owner: postgres
--

COPY public.django_migrations (id, app, name, applied) FROM stdin;
1	contenttypes	0001_initial	2023-08-15 09:09:39.030235+00
2	contenttypes	0002_remove_content_type_name	2023-08-15 09:09:39.055595+00
3	auth	0001_initial	2023-08-15 09:09:39.174719+00
4	auth	0002_alter_permission_name_max_length	2023-08-15 09:09:39.197955+00
5	auth	0003_alter_user_email_max_length	2023-08-15 09:09:39.220369+00
6	auth	0004_alter_user_username_opts	2023-08-15 09:09:39.231378+00
7	auth	0005_alter_user_last_login_null	2023-08-15 09:09:39.241344+00
8	auth	0006_require_contenttypes_0002	2023-08-15 09:09:39.246706+00
9	auth	0007_alter_validators_add_error_messages	2023-08-15 09:09:39.255869+00
10	auth	0008_alter_user_username_max_length	2023-08-15 09:09:39.263197+00
11	auth	0009_alter_user_last_name_max_length	2023-08-15 09:09:39.284861+00
12	auth	0010_alter_group_name_max_length	2023-08-15 09:09:39.309609+00
13	auth	0011_update_proxy_permissions	2023-08-15 09:09:39.331249+00
14	auth	0012_alter_user_first_name_max_length	2023-08-15 09:09:39.342657+00
15	accounts	0001_initial	2023-08-15 09:09:39.591594+00
16	review	0001_initial	2023-08-15 09:09:39.735479+00
17	review	0002_alter_review_ticket	2023-08-15 09:09:39.763994+00
18	sessions	0001_initial	2023-08-15 09:09:39.812245+00
19	admin	0001_initial	2023-08-15 09:18:10.972243+00
20	admin	0002_logentry_remove_auto_add	2023-08-15 09:18:11.010755+00
21	admin	0003_logentry_add_action_flag_choices	2023-08-15 09:18:11.029133+00
\.


--
-- Data for Name: django_session; Type: TABLE DATA; Schema: public; Owner: postgres
--

COPY public.django_session (session_key, session_data, expire_date) FROM stdin;
\.


--
-- Data for Name: review_review; Type: TABLE DATA; Schema: public; Owner: postgres
--

COPY public.review_review (id, rating, headline, body, time_created, ticket_id, user_id) FROM stdin;
1	4	Sed arcu non odio euismod	Lorem ipsum dolor sit amet, consectetur adipiscing elit, sed do eiusmod tempor incididunt ut labore et dolore magna aliqua. Varius vel pharetra vel turpis. Eu ultrices vitae auctor eu augue ut lectus. Viverra justo nec ultrices dui sapien eget mi. Viverra orci sagittis eu volutpat odio facilisis mauris sit. Id semper risus in hendrerit gravida. Sapien et ligula ullamcorper malesuada proin libero nunc consequat. Et ligula ullamcorper malesuada proin libero nunc.\r\n\r\nId eu nisl nunc mi ipsum faucibus vitae aliquet nec. Euismod in pellentesque massa placerat duis ultricies lacus sed turpis. Faucibus scelerisque eleifend donec pretium vulputate sapien nec. Pellentesque pulvinar pellentesque habitant morbi tristique senectus et netus et. Cras tincidunt lobortis feugiat vivamus at augue eget. Aliquet eget sit amet tellus cras adipiscing. At imperdiet dui accumsan sit amet nulla facilisi morbi tempus. Leo in vitae turpis massa sed elementum tempus egestas sed. Convallis convallis tellus id interdum. Adipiscing at in tellus integer feugiat scelerisque varius. Imperdiet dui accumsan sit amet. Lacus sed viverra tellus in.	2023-08-15 13:11:51.441092+00	2	1
2	0	A condimentum vitae sapien	Diam vulputate ut pharetra sit amet aliquam. Vulputate ut pharetra sit amet aliquam. Volutpat sed cras ornare arcu. Enim nunc faucibus a pellentesque. In nulla posuere sollicitudin aliquam ultrices sagittis orci. Augue interdum velit euismod in.\r\n\r\nPurus sit amet volutpat consequat mauris. Nunc eget lorem dolor sed viverra ipsum. Eget mauris pharetra et ultrices neque ornare. Lobortis mattis aliquam faucibus purus in massa. Dapibus ultrices in iaculis nunc sed augue lacus viverra vitae. Adipiscing elit ut aliquam purus sit. Elementum pulvinar etiam non quam. Donec pretium vulputate sapien nec sagittis aliquam malesuada. Enim sed faucibus turpis in eu. Nulla aliquet enim tortor at auctor urna nunc.	2023-08-15 13:18:19.938483+00	1	3
3	3	Fringilla urna porttitor rhoncus dolor purus non	At imperdiet dui accumsan sit amet nulla. In ornare quam viverra orci sagittis eu. Nibh tellus molestie nunc non blandit massa enim. Quis lectus nulla at volutpat diam. Pharetra convallis posuere morbi leo urna molestie at elementum eu. Vehicula ipsum a arcu cursus. Adipiscing elit ut aliquam purus. Egestas erat imperdiet sed euismod nisi porta lorem mollis aliquam. Nullam eget felis eget nunc lobortis mattis aliquam. Maecenas accumsan lacus vel facilisis volutpat est. At consectetur lorem donec massa sapien. Mi tempus imperdiet nulla malesuada pellentesque elit eget gravida. Neque egestas congue quisque egestas diam in. Enim facilisis gravida neque convallis a cras semper. Vulputate enim nulla aliquet porttitor lacus. Senectus et netus et malesuada fames ac turpis egestas maecenas. Dolor sed viverra ipsum nunc aliquet bibendum enim. Ultrices in iaculis nunc sed augue lacus viverra vitae. Sed arcu non odio euismod. Lacus laoreet non curabitur gravida arcu ac.\r\n\r\nNullam eget felis eget nunc lobortis mattis aliquam faucibus purus. Vel facilisis volutpat est velit egestas dui id. Vestibulum rhoncus est pellentesque elit ullamcorper. Morbi quis commodo odio aenean sed adipiscing diam. Sed felis eget velit aliquet sagittis id. Urna duis convallis convallis tellus id interdum velit. Elit pellentesque habitant morbi tristique senectus et netus et. Senectus et netus et malesuada fames ac. A iaculis at erat pellentesque adipiscing. Viverra vitae congue eu consequat ac felis donec et. Morbi tincidunt augue interdum velit. Pulvinar elementum integer enim neque volutpat. Magna etiam tempor orci eu lobortis elementum nibh.	2023-08-15 13:18:51.843368+00	3	3
4	4	Mi tempus imperdiet nulla malesuada	Senectus et netus et malesuada fames ac. A iaculis at erat pellentesque adipiscing. Viverra vitae congue eu consequat ac felis donec et. Morbi tincidunt augue interdum velit. Pulvinar elementum integer enim neque volutpat. Magna etiam tempor orci eu lobortis elementum nibh.	2023-08-15 13:21:04.252201+00	4	4
5	2	Lorem ipsum dolor sit amet, consectetur adipiscing	Euismod in pellentesque massa placerat duis ultricies lacus sed turpis. Faucibus scelerisque eleifend donec pretium vulputate sapien nec. Pellentesque pulvinar pellentesque habitant morbi tristique senectus et netus et. Cras tincidunt lobortis feugiat vivamus at augue eget. Aliquet eget sit amet tellus cras adipiscing. At imperdiet dui accumsan sit amet nulla facilisi morbi tempus. Leo in vitae turpis massa sed elementum tempus egestas sed. Convallis convallis tellus id interdum. Adipiscing at in tellus integer feugiat scelerisque varius. Imperdiet dui accumsan sit amet. Lacus sed viverra tellus in.\r\n\r\nAt imperdiet dui accumsan sit amet nulla. In ornare quam viverra orci sagittis eu. Nibh tellus molestie nunc non blandit massa enim. Quis lectus nulla at volutpat diam. Pharetra convallis posuere morbi leo urna molestie at elementum eu.	2023-08-15 13:21:41.507514+00	6	4
\.


--
-- Data for Name: review_ticket; Type: TABLE DATA; Schema: public; Owner: postgres
--

COPY public.review_ticket (id, title, description, image, time_created, user_id) FROM stdin;
1	Vestules Naktssargam - Sandra Vensko	Lorem ipsum dolor sit amet, consectetur adipiscing elit, sed do eiusmod tempor incididunt ut labore et dolore magna aliqua. Varius vel pharetra vel turpis. Eu ultrices vitae auctor eu augue ut lectus. Viverra justo nec ultrices dui sapien eget mi. Viverra orci sagittis eu volutpat odio facilisis mauris sit. Id semper risus in hendrerit gravida. Sapien et ligula ullamcorper malesuada proin libero nunc consequat. Et ligula ullamcorper malesuada proin libero nunc.\r\n\r\nId eu nisl nunc mi ipsum faucibus vitae aliquet nec. Euismod in pellentesque massa placerat duis ultricies lacus sed turpis. Faucibus scelerisque eleifend donec pretium vulputate sapien nec. Pellentesque pulvinar pellentesque habitant morbi tristique senectus et netus et. Cras tincidunt lobortis feugiat vivamus at augue eget. Aliquet eget sit amet tellus cras adipiscing. At imperdiet dui accumsan sit amet nulla facilisi morbi tempus. Leo in vitae turpis massa sed elementum tempus egestas sed.	images/VestulesNaktssargam.jpg	2023-08-15 13:10:09.828033+00	2
2	The Passion Within - Woman's Journal	Convallis convallis tellus id interdum. Adipiscing at in tellus integer feugiat scelerisque varius. Imperdiet dui accumsan sit amet. Lacus sed viverra tellus in.\r\n\r\nAt consectetur lorem donec massa sapien. Mi tempus imperdiet nulla malesuada pellentesque elit eget gravida. Neque egestas congue quisque egestas diam in. Enim facilisis gravida neque convallis a cras semper. Vulputate enim nulla aliquet porttitor lacus. Senectus et netus et malesuada fames ac turpis egestas maecenas. Dolor sed viverra ipsum nunc aliquet bibendum enim. Ultrices in iaculis nunc sed augue lacus viverra vitae. Sed arcu non odio euismod. Lacus laoreet non curabitur gravida arcu ac.\r\n\r\nNullam eget felis eget nunc lobortis mattis aliquam faucibus purus. Vel facilisis volutpat est velit egestas dui id. Vestibulum rhoncus est pellentesque elit ullamcorper. Morbi quis commodo odio aenean sed adipiscing diam. Sed felis eget velit aliquet sagittis id. Urna duis convallis convallis tellus id interdum velit. Elit pellentesque habitant morbi tristique senectus et netus et. Senectus et netus et malesuada fames ac. A iaculis at erat pellentesque adipiscing. Viverra vitae congue eu consequat ac felis donec et. Morbi tincidunt augue interdum velit. Pulvinar elementum integer enim neque volutpat. Magna etiam tempor orci eu lobortis elementum nibh.	images/PassionWithin.jpg	2023-08-15 13:11:14.836169+00	2
3	The Risk - Math	Amet cursus sit amet dictum sit amet justo. Eget nullam non nisi est sit amet facilisis magna. Fringilla urna porttitor rhoncus dolor purus non. Lacus sed turpis tincidunt id aliquet. Purus semper eget duis at tellus at. Urna porttitor rhoncus dolor purus. Massa eget egestas purus viverra accumsan. Porttitor leo a diam sollicitudin. A condimentum vitae sapien pellentesque habitant morbi tristique. Elit ut aliquam purus sit. Laoreet sit amet cursus sit amet dictum. Nunc sed blandit libero volutpat sed. Diam vulputate ut pharetra sit amet aliquam. Vulputate ut pharetra sit amet aliquam. Volutpat sed cras ornare arcu. Enim nunc faucibus a pellentesque. In nulla posuere sollicitudin aliquam ultrices sagittis orci. Augue interdum velit euismod in.	images/TheRisk.jpg	2023-08-15 13:12:25.967968+00	1
4	The Polaroid Book - Taschen	Lacus sed turpis tincidunt id aliquet. Purus semper eget duis at tellus at. Urna porttitor rhoncus dolor purus. Massa eget egestas purus viverra accumsan. Porttitor leo a diam sollicitudin. A condimentum vitae sapien pellentesque habitant morbi tristique. Elit ut aliquam purus sit. Laoreet sit amet cursus sit amet dictum. Nunc sed blandit libero volutpat sed. Diam vulputate ut pharetra sit amet aliquam. Vulputate ut pharetra sit amet aliquam. Volutpat sed cras ornare arcu. Enim nunc faucibus a pellentesque. In nulla posuere sollicitudin aliquam ultrices sagittis orci. Augue interdum velit euismod in.\r\n\r\nPurus sit amet volutpat consequat mauris. Nunc eget lorem dolor sed viverra ipsum. Eget mauris pharetra et ultrices neque ornare. Lobortis mattis aliquam faucibus purus in massa. Dapibus ultrices in iaculis nunc sed augue lacus viverra vitae. Adipiscing elit ut aliquam purus sit. Elementum pulvinar etiam non quam. Donec pretium vulputate sapien nec sagittis aliquam malesuada. Enim sed faucibus turpis in eu. Nulla aliquet enim tortor at auctor urna nunc. Diam vel quam elementum pulvinar etiam non. Fermentum odio eu feugiat pretium. Id aliquet risus feugiat in ante. Sit amet aliquam id diam.	images/PolaroidBook.jpg	2023-08-15 13:16:51.516098+00	3
5	Bauhaus - Taschen	Amet cursus sit amet dictum sit amet justo. Eget nullam non nisi est sit amet facilisis magna. Fringilla urna porttitor rhoncus dolor purus non. Lacus sed turpis tincidunt id aliquet. Purus semper eget duis at tellus at. Urna porttitor rhoncus dolor purus. Massa eget egestas purus viverra accumsan. Porttitor leo a diam sollicitudin. A condimentum vitae sapien pellentesque habitant morbi tristique. Elit ut aliquam purus sit. Laoreet sit amet cursus sit amet dictum. Nunc sed blandit libero volutpat sed. Diam vulputate ut pharetra sit amet aliquam. Vulputate ut pharetra sit amet aliquam. Volutpat sed cras ornare arcu. Enim nunc faucibus a pellentesque. In nulla posuere sollicitudin aliquam ultrices sagittis orci. Augue interdum velit euismod in.	images/Bauhaus.jpg	2023-08-15 13:17:18.848236+00	3
6	Your soul is a river - Nikita Gill	At imperdiet dui accumsan sit amet nulla. In ornare quam viverra orci sagittis eu. Nibh tellus molestie nunc non blandit massa enim. Quis lectus nulla at volutpat diam. Pharetra convallis posuere morbi leo urna molestie at elementum eu. Vehicula ipsum a arcu cursus. Adipiscing elit ut aliquam purus. Egestas erat imperdiet sed euismod nisi porta lorem mollis aliquam. Nullam eget felis eget nunc lobortis mattis aliquam. Maecenas accumsan lacus vel facilisis volutpat est. At consectetur lorem donec massa sapien. Mi tempus imperdiet nulla malesuada pellentesque elit eget gravida. Neque egestas congue quisque egestas diam in. Enim facilisis gravida neque convallis a cras semper. Vulputate enim nulla aliquet porttitor lacus. Senectus et netus et malesuada fames ac turpis egestas maecenas. Dolor sed viverra ipsum nunc aliquet bibendum enim. Ultrices in iaculis nunc sed augue lacus viverra vitae. Sed arcu non odio euismod. Lacus laoreet non curabitur gravida arcu ac.	images/YourSoul.jpg	2023-08-15 13:19:54.805665+00	4
7	Peace - Gandi	Et ligula ullamcorper malesuada proin libero nunc. Id eu nisl nunc mi ipsum faucibus vitae aliquet nec. Euismod in pellentesque massa placerat duis ultricies lacus sed turpis. Faucibus scelerisque eleifend donec pretium vulputate sapien nec. Pellentesque pulvinar pellentesque habitant morbi tristique senectus et netus et. Cras tincidunt lobortis feugiat vivamus at augue eget. Aliquet eget sit amet tellus cras adipiscing. At imperdiet dui accumsan sit amet nulla facilisi morbi tempus. Leo in vitae turpis massa sed elementum tempus egestas sed. Convallis convallis tellus id interdum. Adipiscing at in tellus integer feugiat scelerisque varius. Imperdiet dui accumsan sit amet. Lacus sed viverra tellus in.	images/Peace.jpg	2023-08-15 13:23:24.907535+00	5
8	I am an American - What every citizen should know	Convallis convallis tellus id interdum. Adipiscing at in tellus integer feugiat scelerisque varius. Imperdiet dui accumsan sit amet. Lacus sed viverra tellus in.\r\n\r\nAt imperdiet dui accumsan sit amet nulla. In ornare quam viverra orci sagittis eu. Nibh tellus molestie nunc non blandit massa enim. Quis lectus nulla at volutpat diam. Pharetra convallis posuere morbi leo urna molestie at elementum eu.	images/American.jpg	2023-08-15 13:24:45.681856+00	4
\.


--
-- Name: accounts_user_groups_id_seq; Type: SEQUENCE SET; Schema: public; Owner: postgres
--

SELECT pg_catalog.setval('public.accounts_user_groups_id_seq', 1, false);


--
-- Name: accounts_user_id_seq; Type: SEQUENCE SET; Schema: public; Owner: postgres
--

SELECT pg_catalog.setval('public.accounts_user_id_seq', 5, true);


--
-- Name: accounts_user_user_permissions_id_seq; Type: SEQUENCE SET; Schema: public; Owner: postgres
--

SELECT pg_catalog.setval('public.accounts_user_user_permissions_id_seq', 1, false);


--
-- Name: accounts_userfollows_id_seq; Type: SEQUENCE SET; Schema: public; Owner: postgres
--

SELECT pg_catalog.setval('public.accounts_userfollows_id_seq', 8, true);


--
-- Name: auth_group_id_seq; Type: SEQUENCE SET; Schema: public; Owner: postgres
--

SELECT pg_catalog.setval('public.auth_group_id_seq', 1, false);


--
-- Name: auth_group_permissions_id_seq; Type: SEQUENCE SET; Schema: public; Owner: postgres
--

SELECT pg_catalog.setval('public.auth_group_permissions_id_seq', 1, false);


--
-- Name: auth_permission_id_seq; Type: SEQUENCE SET; Schema: public; Owner: postgres
--

SELECT pg_catalog.setval('public.auth_permission_id_seq', 36, true);


--
-- Name: django_admin_log_id_seq; Type: SEQUENCE SET; Schema: public; Owner: postgres
--

SELECT pg_catalog.setval('public.django_admin_log_id_seq', 1, false);


--
-- Name: django_content_type_id_seq; Type: SEQUENCE SET; Schema: public; Owner: postgres
--

SELECT pg_catalog.setval('public.django_content_type_id_seq', 9, true);


--
-- Name: django_migrations_id_seq; Type: SEQUENCE SET; Schema: public; Owner: postgres
--

SELECT pg_catalog.setval('public.django_migrations_id_seq', 21, true);


--
-- Name: review_review_id_seq; Type: SEQUENCE SET; Schema: public; Owner: postgres
--

SELECT pg_catalog.setval('public.review_review_id_seq', 5, true);


--
-- Name: review_ticket_id_seq; Type: SEQUENCE SET; Schema: public; Owner: postgres
--

SELECT pg_catalog.setval('public.review_ticket_id_seq', 8, true);


--
-- Name: accounts_user_groups accounts_user_groups_pkey; Type: CONSTRAINT; Schema: public; Owner: postgres
--

ALTER TABLE ONLY public.accounts_user_groups
    ADD CONSTRAINT accounts_user_groups_pkey PRIMARY KEY (id);


--
-- Name: accounts_user_groups accounts_user_groups_user_id_group_id_59c0b32f_uniq; Type: CONSTRAINT; Schema: public; Owner: postgres
--

ALTER TABLE ONLY public.accounts_user_groups
    ADD CONSTRAINT accounts_user_groups_user_id_group_id_59c0b32f_uniq UNIQUE (user_id, group_id);


--
-- Name: accounts_user accounts_user_pkey; Type: CONSTRAINT; Schema: public; Owner: postgres
--

ALTER TABLE ONLY public.accounts_user
    ADD CONSTRAINT accounts_user_pkey PRIMARY KEY (id);


--
-- Name: accounts_user_user_permissions accounts_user_user_permi_user_id_permission_id_2ab516c2_uniq; Type: CONSTRAINT; Schema: public; Owner: postgres
--

ALTER TABLE ONLY public.accounts_user_user_permissions
    ADD CONSTRAINT accounts_user_user_permi_user_id_permission_id_2ab516c2_uniq UNIQUE (user_id, permission_id);


--
-- Name: accounts_user_user_permissions accounts_user_user_permissions_pkey; Type: CONSTRAINT; Schema: public; Owner: postgres
--

ALTER TABLE ONLY public.accounts_user_user_permissions
    ADD CONSTRAINT accounts_user_user_permissions_pkey PRIMARY KEY (id);


--
-- Name: accounts_user accounts_user_username_key; Type: CONSTRAINT; Schema: public; Owner: postgres
--

ALTER TABLE ONLY public.accounts_user
    ADD CONSTRAINT accounts_user_username_key UNIQUE (username);


--
-- Name: accounts_userfollows accounts_userfollows_pkey; Type: CONSTRAINT; Schema: public; Owner: postgres
--

ALTER TABLE ONLY public.accounts_userfollows
    ADD CONSTRAINT accounts_userfollows_pkey PRIMARY KEY (id);


--
-- Name: accounts_userfollows accounts_userfollows_user_id_followed_user_id_e6fdde9a_uniq; Type: CONSTRAINT; Schema: public; Owner: postgres
--

ALTER TABLE ONLY public.accounts_userfollows
    ADD CONSTRAINT accounts_userfollows_user_id_followed_user_id_e6fdde9a_uniq UNIQUE (user_id, followed_user_id);


--
-- Name: auth_group auth_group_name_key; Type: CONSTRAINT; Schema: public; Owner: postgres
--

ALTER TABLE ONLY public.auth_group
    ADD CONSTRAINT auth_group_name_key UNIQUE (name);


--
-- Name: auth_group_permissions auth_group_permissions_group_id_permission_id_0cd325b0_uniq; Type: CONSTRAINT; Schema: public; Owner: postgres
--

ALTER TABLE ONLY public.auth_group_permissions
    ADD CONSTRAINT auth_group_permissions_group_id_permission_id_0cd325b0_uniq UNIQUE (group_id, permission_id);


--
-- Name: auth_group_permissions auth_group_permissions_pkey; Type: CONSTRAINT; Schema: public; Owner: postgres
--

ALTER TABLE ONLY public.auth_group_permissions
    ADD CONSTRAINT auth_group_permissions_pkey PRIMARY KEY (id);


--
-- Name: auth_group auth_group_pkey; Type: CONSTRAINT; Schema: public; Owner: postgres
--

ALTER TABLE ONLY public.auth_group
    ADD CONSTRAINT auth_group_pkey PRIMARY KEY (id);


--
-- Name: auth_permission auth_permission_content_type_id_codename_01ab375a_uniq; Type: CONSTRAINT; Schema: public; Owner: postgres
--

ALTER TABLE ONLY public.auth_permission
    ADD CONSTRAINT auth_permission_content_type_id_codename_01ab375a_uniq UNIQUE (content_type_id, codename);


--
-- Name: auth_permission auth_permission_pkey; Type: CONSTRAINT; Schema: public; Owner: postgres
--

ALTER TABLE ONLY public.auth_permission
    ADD CONSTRAINT auth_permission_pkey PRIMARY KEY (id);


--
-- Name: django_admin_log django_admin_log_pkey; Type: CONSTRAINT; Schema: public; Owner: postgres
--

ALTER TABLE ONLY public.django_admin_log
    ADD CONSTRAINT django_admin_log_pkey PRIMARY KEY (id);


--
-- Name: django_content_type django_content_type_app_label_model_76bd3d3b_uniq; Type: CONSTRAINT; Schema: public; Owner: postgres
--

ALTER TABLE ONLY public.django_content_type
    ADD CONSTRAINT django_content_type_app_label_model_76bd3d3b_uniq UNIQUE (app_label, model);


--
-- Name: django_content_type django_content_type_pkey; Type: CONSTRAINT; Schema: public; Owner: postgres
--

ALTER TABLE ONLY public.django_content_type
    ADD CONSTRAINT django_content_type_pkey PRIMARY KEY (id);


--
-- Name: django_migrations django_migrations_pkey; Type: CONSTRAINT; Schema: public; Owner: postgres
--

ALTER TABLE ONLY public.django_migrations
    ADD CONSTRAINT django_migrations_pkey PRIMARY KEY (id);


--
-- Name: django_session django_session_pkey; Type: CONSTRAINT; Schema: public; Owner: postgres
--

ALTER TABLE ONLY public.django_session
    ADD CONSTRAINT django_session_pkey PRIMARY KEY (session_key);


--
-- Name: review_review review_review_pkey; Type: CONSTRAINT; Schema: public; Owner: postgres
--

ALTER TABLE ONLY public.review_review
    ADD CONSTRAINT review_review_pkey PRIMARY KEY (id);


--
-- Name: review_ticket review_ticket_pkey; Type: CONSTRAINT; Schema: public; Owner: postgres
--

ALTER TABLE ONLY public.review_ticket
    ADD CONSTRAINT review_ticket_pkey PRIMARY KEY (id);


--
-- Name: accounts_user_groups_group_id_bd11a704; Type: INDEX; Schema: public; Owner: postgres
--

CREATE INDEX accounts_user_groups_group_id_bd11a704 ON public.accounts_user_groups USING btree (group_id);


--
-- Name: accounts_user_groups_user_id_52b62117; Type: INDEX; Schema: public; Owner: postgres
--

CREATE INDEX accounts_user_groups_user_id_52b62117 ON public.accounts_user_groups USING btree (user_id);


--
-- Name: accounts_user_user_permissions_permission_id_113bb443; Type: INDEX; Schema: public; Owner: postgres
--

CREATE INDEX accounts_user_user_permissions_permission_id_113bb443 ON public.accounts_user_user_permissions USING btree (permission_id);


--
-- Name: accounts_user_user_permissions_user_id_e4f0a161; Type: INDEX; Schema: public; Owner: postgres
--

CREATE INDEX accounts_user_user_permissions_user_id_e4f0a161 ON public.accounts_user_user_permissions USING btree (user_id);


--
-- Name: accounts_user_username_6088629e_like; Type: INDEX; Schema: public; Owner: postgres
--

CREATE INDEX accounts_user_username_6088629e_like ON public.accounts_user USING btree (username varchar_pattern_ops);


--
-- Name: accounts_userfollows_followed_user_id_2651ac73; Type: INDEX; Schema: public; Owner: postgres
--

CREATE INDEX accounts_userfollows_followed_user_id_2651ac73 ON public.accounts_userfollows USING btree (followed_user_id);


--
-- Name: accounts_userfollows_user_id_ccd3435c; Type: INDEX; Schema: public; Owner: postgres
--

CREATE INDEX accounts_userfollows_user_id_ccd3435c ON public.accounts_userfollows USING btree (user_id);


--
-- Name: auth_group_name_a6ea08ec_like; Type: INDEX; Schema: public; Owner: postgres
--

CREATE INDEX auth_group_name_a6ea08ec_like ON public.auth_group USING btree (name varchar_pattern_ops);


--
-- Name: auth_group_permissions_group_id_b120cbf9; Type: INDEX; Schema: public; Owner: postgres
--

CREATE INDEX auth_group_permissions_group_id_b120cbf9 ON public.auth_group_permissions USING btree (group_id);


--
-- Name: auth_group_permissions_permission_id_84c5c92e; Type: INDEX; Schema: public; Owner: postgres
--

CREATE INDEX auth_group_permissions_permission_id_84c5c92e ON public.auth_group_permissions USING btree (permission_id);


--
-- Name: auth_permission_content_type_id_2f476e4b; Type: INDEX; Schema: public; Owner: postgres
--

CREATE INDEX auth_permission_content_type_id_2f476e4b ON public.auth_permission USING btree (content_type_id);


--
-- Name: django_admin_log_content_type_id_c4bce8eb; Type: INDEX; Schema: public; Owner: postgres
--

CREATE INDEX django_admin_log_content_type_id_c4bce8eb ON public.django_admin_log USING btree (content_type_id);


--
-- Name: django_admin_log_user_id_c564eba6; Type: INDEX; Schema: public; Owner: postgres
--

CREATE INDEX django_admin_log_user_id_c564eba6 ON public.django_admin_log USING btree (user_id);


--
-- Name: django_session_expire_date_a5c62663; Type: INDEX; Schema: public; Owner: postgres
--

CREATE INDEX django_session_expire_date_a5c62663 ON public.django_session USING btree (expire_date);


--
-- Name: django_session_session_key_c0390e0f_like; Type: INDEX; Schema: public; Owner: postgres
--

CREATE INDEX django_session_session_key_c0390e0f_like ON public.django_session USING btree (session_key varchar_pattern_ops);


--
-- Name: review_review_ticket_id_1c02cddf; Type: INDEX; Schema: public; Owner: postgres
--

CREATE INDEX review_review_ticket_id_1c02cddf ON public.review_review USING btree (ticket_id);


--
-- Name: review_review_user_id_ff798828; Type: INDEX; Schema: public; Owner: postgres
--

CREATE INDEX review_review_user_id_ff798828 ON public.review_review USING btree (user_id);


--
-- Name: review_ticket_user_id_1bfa5965; Type: INDEX; Schema: public; Owner: postgres
--

CREATE INDEX review_ticket_user_id_1bfa5965 ON public.review_ticket USING btree (user_id);


--
-- Name: accounts_user_groups accounts_user_groups_group_id_bd11a704_fk_auth_group_id; Type: FK CONSTRAINT; Schema: public; Owner: postgres
--

ALTER TABLE ONLY public.accounts_user_groups
    ADD CONSTRAINT accounts_user_groups_group_id_bd11a704_fk_auth_group_id FOREIGN KEY (group_id) REFERENCES public.auth_group(id) DEFERRABLE INITIALLY DEFERRED;


--
-- Name: accounts_user_groups accounts_user_groups_user_id_52b62117_fk_accounts_user_id; Type: FK CONSTRAINT; Schema: public; Owner: postgres
--

ALTER TABLE ONLY public.accounts_user_groups
    ADD CONSTRAINT accounts_user_groups_user_id_52b62117_fk_accounts_user_id FOREIGN KEY (user_id) REFERENCES public.accounts_user(id) DEFERRABLE INITIALLY DEFERRED;


--
-- Name: accounts_user_user_permissions accounts_user_user_p_permission_id_113bb443_fk_auth_perm; Type: FK CONSTRAINT; Schema: public; Owner: postgres
--

ALTER TABLE ONLY public.accounts_user_user_permissions
    ADD CONSTRAINT accounts_user_user_p_permission_id_113bb443_fk_auth_perm FOREIGN KEY (permission_id) REFERENCES public.auth_permission(id) DEFERRABLE INITIALLY DEFERRED;


--
-- Name: accounts_user_user_permissions accounts_user_user_p_user_id_e4f0a161_fk_accounts_; Type: FK CONSTRAINT; Schema: public; Owner: postgres
--

ALTER TABLE ONLY public.accounts_user_user_permissions
    ADD CONSTRAINT accounts_user_user_p_user_id_e4f0a161_fk_accounts_ FOREIGN KEY (user_id) REFERENCES public.accounts_user(id) DEFERRABLE INITIALLY DEFERRED;


--
-- Name: accounts_userfollows accounts_userfollows_followed_user_id_2651ac73_fk_accounts_; Type: FK CONSTRAINT; Schema: public; Owner: postgres
--

ALTER TABLE ONLY public.accounts_userfollows
    ADD CONSTRAINT accounts_userfollows_followed_user_id_2651ac73_fk_accounts_ FOREIGN KEY (followed_user_id) REFERENCES public.accounts_user(id) DEFERRABLE INITIALLY DEFERRED;


--
-- Name: accounts_userfollows accounts_userfollows_user_id_ccd3435c_fk_accounts_user_id; Type: FK CONSTRAINT; Schema: public; Owner: postgres
--

ALTER TABLE ONLY public.accounts_userfollows
    ADD CONSTRAINT accounts_userfollows_user_id_ccd3435c_fk_accounts_user_id FOREIGN KEY (user_id) REFERENCES public.accounts_user(id) DEFERRABLE INITIALLY DEFERRED;


--
-- Name: auth_group_permissions auth_group_permissio_permission_id_84c5c92e_fk_auth_perm; Type: FK CONSTRAINT; Schema: public; Owner: postgres
--

ALTER TABLE ONLY public.auth_group_permissions
    ADD CONSTRAINT auth_group_permissio_permission_id_84c5c92e_fk_auth_perm FOREIGN KEY (permission_id) REFERENCES public.auth_permission(id) DEFERRABLE INITIALLY DEFERRED;


--
-- Name: auth_group_permissions auth_group_permissions_group_id_b120cbf9_fk_auth_group_id; Type: FK CONSTRAINT; Schema: public; Owner: postgres
--

ALTER TABLE ONLY public.auth_group_permissions
    ADD CONSTRAINT auth_group_permissions_group_id_b120cbf9_fk_auth_group_id FOREIGN KEY (group_id) REFERENCES public.auth_group(id) DEFERRABLE INITIALLY DEFERRED;


--
-- Name: auth_permission auth_permission_content_type_id_2f476e4b_fk_django_co; Type: FK CONSTRAINT; Schema: public; Owner: postgres
--

ALTER TABLE ONLY public.auth_permission
    ADD CONSTRAINT auth_permission_content_type_id_2f476e4b_fk_django_co FOREIGN KEY (content_type_id) REFERENCES public.django_content_type(id) DEFERRABLE INITIALLY DEFERRED;


--
-- Name: django_admin_log django_admin_log_content_type_id_c4bce8eb_fk_django_co; Type: FK CONSTRAINT; Schema: public; Owner: postgres
--

ALTER TABLE ONLY public.django_admin_log
    ADD CONSTRAINT django_admin_log_content_type_id_c4bce8eb_fk_django_co FOREIGN KEY (content_type_id) REFERENCES public.django_content_type(id) DEFERRABLE INITIALLY DEFERRED;


--
-- Name: django_admin_log django_admin_log_user_id_c564eba6_fk_accounts_user_id; Type: FK CONSTRAINT; Schema: public; Owner: postgres
--

ALTER TABLE ONLY public.django_admin_log
    ADD CONSTRAINT django_admin_log_user_id_c564eba6_fk_accounts_user_id FOREIGN KEY (user_id) REFERENCES public.accounts_user(id) DEFERRABLE INITIALLY DEFERRED;


--
-- Name: review_review review_review_ticket_id_1c02cddf_fk_review_ticket_id; Type: FK CONSTRAINT; Schema: public; Owner: postgres
--

ALTER TABLE ONLY public.review_review
    ADD CONSTRAINT review_review_ticket_id_1c02cddf_fk_review_ticket_id FOREIGN KEY (ticket_id) REFERENCES public.review_ticket(id) DEFERRABLE INITIALLY DEFERRED;


--
-- Name: review_review review_review_user_id_ff798828_fk_accounts_user_id; Type: FK CONSTRAINT; Schema: public; Owner: postgres
--

ALTER TABLE ONLY public.review_review
    ADD CONSTRAINT review_review_user_id_ff798828_fk_accounts_user_id FOREIGN KEY (user_id) REFERENCES public.accounts_user(id) DEFERRABLE INITIALLY DEFERRED;


--
-- Name: review_ticket review_ticket_user_id_1bfa5965_fk_accounts_user_id; Type: FK CONSTRAINT; Schema: public; Owner: postgres
--

ALTER TABLE ONLY public.review_ticket
    ADD CONSTRAINT review_ticket_user_id_1bfa5965_fk_accounts_user_id FOREIGN KEY (user_id) REFERENCES public.accounts_user(id) DEFERRABLE INITIALLY DEFERRED;


--
-- PostgreSQL database dump complete
--

